date,eligible_count,dow,is_weekend,day_of_month,month,pct_retweet,pct_quote,pct_original,total_tweets_incl_replies,reply_count_today,reply_rate,peak_hour_count,active_hours,posting_concentration,mean_gap_min,median_gap_min,max_gap_min,pct_gaps_under_5min,first_tweet_hour,last_tweet_hour,posting_span_hours,late_night_tweets,late_night_pct,flurry_hours,max_hourly_count,has_flurry,mean_impressions,mean_likes,eligible_count_lag1,reply_rate_lag1,eligible_count_lag2,reply_rate_lag2,eligible_count_lag3,reply_rate_lag3,eligible_count_lag7,reply_rate_lag7,eligible_rolling_3d_mean,eligible_rolling_3d_std,eligible_rolling_7d_mean,eligible_rolling_7d_std,eligible_rolling_14d_mean,eligible_rolling_14d_std,trend_3d_vs_14d,daily_change,daily_change_pct
2025-09-20,21,5,1,20,9,0.4286,0.5714,0.0,51,30,0.5882,6,8,0.2857,60.5,7.72,382.42,0.45,2,22,20,6,0.2857,1,6,1,8447873.0,54411.0,,,,,,,,,,,,,,,,,
2025-09-21,33,6,1,21,9,0.7273,0.1515,0.1212,52,19,0.3654,10,11,0.303,43.06,6.58,583.53,0.4688,0,23,23,11,0.3333,3,10,1,10036961.0,143645.0,21.0,0.5882,,,,,,,,,,,,,,12.0,0.5714
2025-09-22,9,0,0,22,9,0.6667,0.2222,0.1111,30,21,0.7,3,6,0.3333,122.24,37.67,683.12,0.25,0,16,16,7,0.7778,0,3,0,9149916.0,110550.0,33.0,0.3654,21.0,0.5882,,,,,21.0,12.0,,,,,,-24.0,-0.7273
2025-09-23,21,1,0,23,9,0.6667,0.3333,0.0,47,26,0.5532,6,6,0.2857,41.61,2.98,542.62,0.6,3,17,14,5,0.2381,1,6,1,10596261.0,71609.0,9.0,0.7,33.0,0.3654,21.0,0.5882,,,21.0,12.0,,,,,,12.0,1.3333
2025-09-24,4,2,0,24,9,0.75,0.0,0.25,9,5,0.5556,2,3,0.5,351.24,94.72,952.85,0.0,5,22,17,0,0.0,0,2,0,5362536.0,34331.0,21.0,0.5532,9.0,0.7,33.0,0.3654,,,11.33,8.74,,,,,,-17.0,-0.8095
2025-09-25,16,3,0,25,9,0.6875,0.1875,0.125,31,15,0.4839,6,6,0.375,66.02,6.03,401.92,0.4667,4,20,16,1,0.0625,1,6,1,7885619.0,57548.0,4.0,0.5556,21.0,0.5532,9.0,0.7,,,13.67,8.74,,,,,,12.0,3.0
2025-09-26,18,4,0,26,9,0.6667,0.2778,0.0556,29,11,0.3793,9,3,0.5,25.73,3.52,371.45,0.7059,7,14,7,0,0.0,2,9,1,8605423.0,65140.0,16.0,0.4839,4.0,0.5556,21.0,0.5532,,,12.67,7.57,17.43,9.32,,,,2.0,0.125
2025-09-27,18,5,1,27,9,0.5556,0.3333,0.1111,36,18,0.5,6,6,0.3333,69.22,3.72,555.58,0.5882,2,22,20,4,0.2222,1,6,1,10583572.0,69864.0,18.0,0.3793,16.0,0.4839,4.0,0.5556,21.0,0.5882,17.33,1.15,17.0,9.2,,,,0.0,0.0
2025-09-28,33,6,1,28,9,0.6667,0.303,0.0303,62,29,0.4677,16,6,0.4848,31.21,2.08,391.5,0.6875,5,22,17,0,0.0,2,16,1,7602691.0,45516.0,18.0,0.5,18.0,0.3793,16.0,0.4839,33.0,0.3654,23.0,8.66,17.0,9.2,,,,15.0,0.8333
2025-09-29,8,0,0,29,9,0.75,0.25,0.0,16,8,0.5,5,2,0.625,14.95,3.1,67.97,0.5714,4,5,1,5,0.625,1,5,1,4452678.0,32974.0,33.0,0.4677,18.0,0.5,18.0,0.3793,9.0,0.7,19.67,12.58,16.86,9.35,,,,-25.0,-0.7576
2025-09-30,45,1,0,30,9,0.5778,0.3778,0.0444,69,24,0.3478,15,8,0.3333,27.06,2.05,351.67,0.6818,2,22,20,2,0.0444,4,15,1,9318895.0,81532.0,8.0,0.5,33.0,0.4677,18.0,0.5,21.0,0.5532,28.67,18.88,20.29,14.24,,,,37.0,4.625
2025-10-01,47,2,0,1,10,0.5106,0.383,0.1064,93,46,0.4946,13,8,0.2766,22.41,2.84,433.92,0.6957,6,23,17,0,0.0,3,13,1,9970879.0,100057.0,45.0,0.3478,8.0,0.5,33.0,0.4677,4.0,0.5556,33.33,21.96,26.43,15.28,,,,2.0,0.0444
2025-10-02,68,3,0,2,10,0.5735,0.4118,0.0147,104,36,0.3462,20,9,0.2941,21.15,1.42,584.4,0.7463,0,23,23,5,0.0735,5,20,1,6812627.0,53674.0,47.0,0.4946,45.0,0.3478,8.0,0.5,16.0,0.4839,53.33,12.74,33.86,20.96,,,,21.0,0.4468
2025-10-03,20,4,0,3,10,0.5,0.5,0.0,47,27,0.5745,8,6,0.4,47.67,4.9,375.77,0.5263,0,15,15,4,0.2,1,8,1,14415191.0,120786.0,68.0,0.3462,47.0,0.4946,45.0,0.3478,18.0,0.3793,45.0,24.06,34.14,20.72,25.79,17.7,19.21,-48.0,-0.7059
2025-10-04,24,5,1,4,10,0.7083,0.2083,0.0833,46,22,0.4783,12,6,0.5,35.54,4.47,467.78,0.5652,4,17,13,7,0.2917,2,12,1,5558915.0,38706.0,20.0,0.5745,68.0,0.3462,47.0,0.4946,18.0,0.5,37.33,26.63,35.0,20.05,26.0,17.66,11.33,4.0,0.2
2025-10-05,61,6,1,5,10,0.5902,0.3934,0.0164,94,33,0.3511,18,9,0.2951,18.5,1.58,389.23,0.7333,3,22,19,27,0.4426,5,18,1,7475193.0,51506.0,24.0,0.4783,20.0,0.5745,68.0,0.3462,33.0,0.4677,35.0,22.61,39.0,22.26,28.0,19.95,7.0,37.0,1.5417
2025-10-06,40,0,0,6,10,0.65,0.3,0.05,58,18,0.3103,13,10,0.325,23.54,2.08,493.13,0.7179,2,18,16,5,0.125,2,13,1,6822030.0,47752.0,61.0,0.3511,24.0,0.4783,20.0,0.5745,8.0,0.5,41.67,18.56,43.57,17.63,30.21,19.39,11.46,-21.0,-0.3443
2025-10-07,47,1,0,7,10,0.6596,0.2979,0.0426,58,11,0.1897,20,9,0.4255,22.62,1.67,263.88,0.7391,4,21,17,20,0.4255,2,20,1,6031950.0,25114.0,40.0,0.3103,61.0,0.3511,24.0,0.4783,45.0,0.3478,49.33,10.69,43.86,17.68,32.07,19.68,17.26,7.0,0.175
2025-10-08,31,2,0,8,10,0.6774,0.3226,0.0,41,10,0.2439,12,8,0.3871,42.31,2.4,446.63,0.6,0,21,21,11,0.3548,2,12,1,5377963.0,30510.0,47.0,0.1897,40.0,0.3103,61.0,0.3511,47.0,0.4946,39.33,8.02,41.57,18.23,34.0,17.97,5.33,-16.0,-0.3404
2025-10-09,41,3,0,9,10,0.7073,0.2439,0.0488,76,35,0.4605,9,9,0.2195,25.32,5.18,373.63,0.475,4,21,17,5,0.122,6,9,1,5316630.0,22049.0,31.0,0.2439,47.0,0.1897,40.0,0.3103,68.0,0.3462,39.67,8.08,37.71,14.09,35.79,17.27,3.88,10.0,0.3226
2025-10-10,39,4,0,10,10,0.641,0.359,0.0,96,57,0.5938,17,9,0.4359,31.61,4.18,381.52,0.6316,3,23,20,6,0.1538,3,17,1,6900984.0,40891.0,41.0,0.4605,31.0,0.2439,47.0,0.1897,20.0,0.5745,37.0,5.29,40.43,11.75,37.29,16.5,-0.29,-2.0,-0.0488
2025-10-11,20,5,1,11,10,0.75,0.25,0.0,40,20,0.5,5,8,0.25,63.06,10.68,300.27,0.4737,2,22,20,6,0.3,1,5,1,3764902.0,17436.0,39.0,0.5938,41.0,0.4605,31.0,0.2439,24.0,0.4783,33.33,11.59,39.86,12.73,37.43,16.33,-4.1,-19.0,-0.4872
2025-10-12,25,6,1,12,10,0.48,0.48,0.04,56,31,0.5536,8,8,0.32,35.31,4.47,338.23,0.5417,2,16,14,4,0.16,1,8,1,13530065.0,75147.0,20.0,0.5,39.0,0.5938,41.0,0.4605,61.0,0.3511,28.0,9.85,34.71,9.67,36.86,16.64,-8.86,5.0,0.25
2025-10-13,35,0,0,13,10,0.6571,0.2857,0.0571,52,17,0.3269,9,8,0.2571,38.22,1.69,408.63,0.7059,1,23,22,17,0.4857,3,9,1,3681531.0,20964.0,25.0,0.5536,20.0,0.5,39.0,0.5938,40.0,0.3103,26.67,7.64,34.0,9.4,38.79,14.46,-12.12,10.0,0.4
2025-10-14,30,1,0,14,10,0.6,0.3333,0.0667,77,47,0.6104,6,11,0.2,46.37,13.97,267.47,0.3448,0,23,23,8,0.2667,2,6,1,7424617.0,46188.0,35.0,0.3269,25.0,0.5536,20.0,0.5,47.0,0.1897,30.0,5.0,31.57,7.48,37.71,14.51,-7.71,-5.0,-0.1429
2025-10-15,25,2,0,15,10,0.68,0.24,0.08,44,19,0.4318,8,9,0.32,33.21,7.69,347.13,0.3333,4,18,14,1,0.04,1,8,1,8885397.0,77212.0,30.0,0.6104,35.0,0.3269,25.0,0.5536,31.0,0.2439,30.0,5.0,30.71,7.89,36.14,14.62,-6.14,-5.0,-0.1667
2025-10-16,19,3,0,16,10,0.7368,0.2632,0.0,36,17,0.4722,7,6,0.3684,37.85,9.81,425.93,0.3889,5,17,12,0,0.0,2,7,1,6572479.0,35905.0,25.0,0.4318,30.0,0.6104,35.0,0.3269,41.0,0.4605,24.67,5.51,27.57,7.48,32.64,12.05,-7.97,-6.0,-0.24
2025-10-17,24,4,0,17,10,0.625,0.3333,0.0417,32,8,0.25,14,5,0.5833,37.82,1.95,461.92,0.6957,5,19,14,0,0.0,2,14,1,6329649.0,42254.0,19.0,0.4722,25.0,0.4318,30.0,0.6104,39.0,0.5938,22.67,3.21,25.43,5.56,32.93,11.77,-10.26,5.0,0.2632
2025-10-18,61,5,1,18,10,0.5082,0.3934,0.0984,105,44,0.419,16,8,0.2623,17.0,1.97,276.88,0.65,6,23,17,0,0.0,4,16,1,7729808.0,56717.0,24.0,0.25,19.0,0.4722,25.0,0.4318,20.0,0.5,34.67,22.94,31.29,14.03,35.57,13.62,-0.9,37.0,1.5417
2025-10-19,49,6,1,19,10,0.6531,0.3061,0.0408,80,31,0.3875,15,11,0.3061,27.41,3.43,254.85,0.625,0,22,22,6,0.1224,3,15,1,4800505.0,28896.0,61.0,0.419,24.0,0.25,19.0,0.4722,25.0,0.5536,44.67,18.88,34.71,15.13,34.71,12.2,9.96,-12.0,-0.1967
2025-10-20,66,0,0,20,10,0.4848,0.4091,0.1061,107,41,0.3832,18,10,0.2727,18.99,2.58,342.13,0.7231,1,21,20,1,0.0152,5,18,1,7492564.0,40474.0,49.0,0.3875,61.0,0.419,24.0,0.25,35.0,0.3269,58.67,8.74,39.14,19.21,36.57,14.77,22.1,17.0,0.3469
2025-10-21,35,1,0,21,10,0.6571,0.3143,0.0286,70,35,0.5,14,9,0.4,38.98,4.15,575.85,0.5294,0,22,22,7,0.2,1,14,1,4580585.0,10541.0,66.0,0.3832,49.0,0.3875,61.0,0.419,30.0,0.6104,50.0,15.52,39.86,18.91,35.71,14.47,14.29,-31.0,-0.4697
2025-10-22,22,2,0,22,10,0.5,0.4091,0.0909,29,7,0.2414,7,6,0.3182,52.95,4.65,556.47,0.5238,4,23,19,2,0.0909,2,7,1,8738323.0,55296.0,35.0,0.5,66.0,0.3832,49.0,0.3875,25.0,0.4318,41.0,22.61,39.43,19.33,35.07,14.89,5.93,-13.0,-0.3714
2025-10-23,23,3,0,23,10,0.3913,0.4783,0.1304,38,15,0.3947,12,5,0.5217,41.91,2.87,577.2,0.6364,0,15,15,14,0.6087,2,12,1,9237546.0,57627.0,22.0,0.2414,35.0,0.5,66.0,0.3832,19.0,0.4722,26.67,7.23,40.0,18.67,33.79,15.11,-7.12,1.0,0.0455
2025-10-24,19,4,0,24,10,0.4737,0.4737,0.0526,37,18,0.4865,5,9,0.2632,71.28,25.07,582.67,0.3889,0,21,21,8,0.4211,1,5,1,10134804.0,57453.0,23.0,0.3947,22.0,0.2414,35.0,0.5,24.0,0.25,21.33,2.08,39.29,19.47,32.36,15.52,-11.03,-4.0,-0.1739
2025-10-25,35,5,1,25,10,0.5429,0.4,0.0571,51,16,0.3137,10,9,0.2857,39.06,1.94,387.48,0.6471,1,23,22,8,0.2286,3,10,1,7085292.0,42426.0,19.0,0.4865,23.0,0.3947,22.0,0.2414,61.0,0.419,25.67,8.33,35.57,16.95,33.43,15.11,-7.76,16.0,0.8421
2025-10-26,16,6,1,26,10,0.6875,0.3125,0.0,27,11,0.4074,4,8,0.25,53.73,7.93,374.67,0.2667,4,18,14,2,0.125,0,4,0,5884593.0,33214.0,35.0,0.3137,19.0,0.4865,23.0,0.3947,49.0,0.3875,23.33,10.21,30.86,17.18,32.79,15.68,-9.46,-19.0,-0.5429
2025-10-27,15,0,0,27,10,0.6,0.3333,0.0667,31,16,0.5161,5,7,0.3333,78.2,15.98,567.68,0.5,1,19,18,4,0.2667,1,5,1,12927789.0,66098.0,16.0,0.4074,35.0,0.3137,19.0,0.4865,66.0,0.3832,22.0,11.27,23.57,8.32,31.36,16.36,-9.36,-1.0,-0.0625
2025-10-28,60,1,0,28,10,0.6167,0.3,0.0833,91,31,0.3407,15,13,0.25,23.33,1.43,425.58,0.678,0,23,23,14,0.2333,3,15,1,4991258.0,29540.0,15.0,0.5161,16.0,0.4074,35.0,0.3137,35.0,0.5,30.33,25.7,27.14,15.93,33.5,18.05,-3.17,45.0,3.0
2025-10-29,46,2,0,29,10,0.6957,0.2391,0.0652,66,20,0.303,12,10,0.2609,23.2,3.02,330.88,0.6,6,23,17,0,0.0,4,12,1,6420301.0,37561.0,60.0,0.3407,15.0,0.5161,16.0,0.4074,22.0,0.2414,40.33,23.03,30.57,17.17,35.0,18.16,5.33,-14.0,-0.2333
2025-10-30,12,3,0,30,10,0.5833,0.3333,0.0833,23,11,0.4783,4,6,0.3333,124.94,24.13,751.88,0.3636,0,23,23,2,0.1667,0,4,0,7620398.0,37198.0,46.0,0.303,60.0,0.3407,15.0,0.5161,23.0,0.3947,39.33,24.68,29.0,18.44,34.5,18.72,4.83,-34.0,-0.7391
2025-10-31,36,4,0,31,10,0.5278,0.4444,0.0278,54,18,0.3333,12,10,0.3333,32.72,4.8,304.85,0.5143,2,21,19,1,0.0278,2,12,1,6700164.0,38853.0,12.0,0.4783,46.0,0.303,60.0,0.3407,19.0,0.4865,31.33,17.47,31.43,18.02,35.36,18.47,-4.03,24.0,2.0
2025-11-01,6,5,1,1,11,0.5,0.5,0.0,35,29,0.8286,3,4,0.5,237.04,61.62,852.35,0.4,0,20,20,1,0.1667,0,3,0,11762657.0,39387.0,36.0,0.3333,12.0,0.4783,46.0,0.303,35.0,0.3137,18.0,15.87,27.29,20.25,31.43,18.45,-13.43,-30.0,-0.8333
2025-11-02,17,6,1,2,11,0.5294,0.2941,0.1765,49,32,0.6531,2,10,0.1176,66.38,46.43,437.3,0.25,5,22,17,0,0.0,0,2,0,8968652.0,42257.0,6.0,0.8286,36.0,0.3333,12.0,0.4783,16.0,0.4074,19.67,15.18,27.43,20.16,29.14,18.08,-9.47,11.0,1.8333
2025-11-03,48,0,0,3,11,0.6458,0.2708,0.0833,104,56,0.5385,9,11,0.1875,21.92,4.32,277.52,0.5745,4,21,17,8,0.1667,5,9,1,7816949.0,53547.0,17.0,0.6531,6.0,0.8286,36.0,0.3333,15.0,0.5161,23.67,21.78,32.14,20.63,27.86,15.75,-4.19,31.0,1.8235
2025-11-04,30,1,0,4,11,0.6333,0.3,0.0667,56,26,0.4643,9,10,0.3,45.79,4.82,404.0,0.5172,1,23,22,6,0.2,1,9,1,9255508.0,55884.0,48.0,0.5385,17.0,0.6531,6.0,0.8286,60.0,0.3407,31.67,15.57,27.86,16.6,27.5,15.63,4.17,-18.0,-0.375
2025-11-05,10,2,0,5,11,0.6,0.3,0.1,20,10,0.5,5,5,0.5,120.84,6.85,630.77,0.3333,4,23,19,2,0.2,1,5,1,9580590.0,42514.0,30.0,0.4643,48.0,0.5385,17.0,0.6531,46.0,0.303,29.33,19.01,22.71,15.59,26.64,16.27,2.69,-20.0,-0.6667
2025-11-06,14,3,0,6,11,0.7857,0.0714,0.1429,42,28,0.6667,5,4,0.3571,97.45,5.67,559.0,0.3846,0,21,21,4,0.2857,1,5,1,3459579.0,15333.0,10.0,0.5,30.0,0.4643,48.0,0.5385,12.0,0.4783,18.0,10.58,23.0,15.37,26.0,16.6,-8.0,4.0,0.4
2025-11-07,28,4,0,7,11,0.6786,0.1429,0.1786,45,17,0.3778,10,9,0.3571,41.65,8.28,319.22,0.4074,1,19,18,5,0.1786,2,10,1,6819332.0,46019.0,14.0,0.6667,10.0,0.5,30.0,0.4643,36.0,0.3333,17.33,9.45,21.86,14.52,26.64,16.49,-9.31,14.0,1.0
2025-11-08,23,5,1,8,11,0.4783,0.4348,0.087,41,18,0.439,9,9,0.3913,64.0,2.52,530.6,0.5909,0,23,23,1,0.0435,2,9,1,3978376.0,16033.0,28.0,0.3778,14.0,0.6667,10.0,0.5,6.0,0.8286,21.67,7.09,24.29,12.74,25.79,16.33,-4.12,-5.0,-0.1786
2025-11-09,21,6,1,9,11,0.5714,0.2381,0.1905,58,37,0.6379,4,10,0.1905,58.48,16.23,469.17,0.25,1,20,19,7,0.3333,0,4,0,9712652.0,62559.0,23.0,0.439,28.0,0.3778,14.0,0.6667,17.0,0.6531,24.0,3.61,24.86,12.44,26.14,16.15,-2.14,-2.0,-0.087
2025-11-10,20,0,0,10,11,0.6,0.35,0.05,54,34,0.6296,6,8,0.3,54.59,14.25,488.33,0.3684,4,21,17,3,0.15,1,6,1,7854628.0,51695.0,21.0,0.6379,23.0,0.439,28.0,0.3778,48.0,0.5385,21.33,1.53,20.86,7.13,26.5,15.94,-5.17,-1.0,-0.0476
2025-11-11,29,1,0,11,11,0.4138,0.4828,0.1034,49,20,0.4082,8,13,0.2759,46.0,17.52,408.42,0.3214,1,23,22,5,0.1724,1,8,1,6399696.0,33221.0,20.0,0.6296,21.0,0.6379,23.0,0.439,30.0,0.4643,23.33,4.93,20.71,6.92,24.29,12.77,-0.96,9.0,0.45
2025-11-12,45,2,0,12,11,0.4889,0.4889,0.0222,68,23,0.3382,7,11,0.1556,26.89,5.31,477.98,0.4773,1,20,19,10,0.2222,5,7,1,8553442.0,37617.0,29.0,0.4082,20.0,0.6296,21.0,0.6379,10.0,0.5,31.33,12.66,25.71,9.89,24.21,12.64,7.12,16.0,0.5517
2025-11-13,52,3,0,13,11,0.5769,0.3654,0.0577,77,25,0.3247,15,14,0.2885,24.04,3.7,399.87,0.5098,2,23,21,4,0.0769,4,15,1,5380070.0,29400.0,45.0,0.3382,29.0,0.4082,20.0,0.6296,14.0,0.6667,42.0,11.79,31.14,12.48,27.07,14.1,14.93,7.0,0.1556
2025-11-14,58,4,0,14,11,0.6379,0.3276,0.0345,89,31,0.3483,12,13,0.2069,21.86,3.37,253.82,0.5789,0,21,21,9,0.1552,5,12,1,3814755.0,16361.0,52.0,0.3247,45.0,0.3382,29.0,0.4082,28.0,0.3778,51.67,6.51,35.43,15.9,28.64,16.24,23.03,6.0,0.1154
2025-11-15,18,5,1,15,11,0.5,0.5,0.0,36,18,0.5,4,8,0.2222,76.15,13.3,572.85,0.2941,0,21,21,6,0.3333,0,4,0,8793623.0,35501.0,58.0,0.3483,52.0,0.3247,45.0,0.3382,23.0,0.439,42.67,21.57,34.71,16.65,29.5,15.24,13.17,-40.0,-0.6897
2025-11-16,40,6,1,16,11,0.5,0.325,0.175,84,44,0.5238,8,14,0.2,34.25,6.93,370.02,0.3846,0,23,23,10,0.25,2,8,1,5982862.0,33211.0,18.0,0.5,58.0,0.3483,52.0,0.3247,21.0,0.6379,38.67,20.03,37.43,15.55,31.14,15.02,7.53,22.0,1.2222
2025-11-17,11,0,0,17,11,0.5455,0.4545,0.0,19,8,0.4211,3,7,0.2727,115.15,50.47,554.07,0.3,4,23,19,2,0.1818,0,3,0,11842058.0,42642.0,40.0,0.5238,18.0,0.5,58.0,0.3483,20.0,0.6296,23.0,15.13,36.14,17.49,28.5,15.08,-5.5,-29.0,-0.725
2025-11-18,34,1,0,18,11,0.6471,0.3235,0.0294,64,30,0.4688,12,10,0.3529,39.45,3.25,546.82,0.5758,0,22,22,6,0.1765,2,12,1,6025915.0,21648.0,11.0,0.4211,40.0,0.5238,18.0,0.5,29.0,0.4082,28.33,15.31,36.86,17.25,28.79,15.15,-0.46,23.0,2.0909
2025-11-19,19,2,0,19,11,0.4211,0.3684,0.2105,37,18,0.4865,11,4,0.5789,47.15,3.4,525.18,0.5556,6,20,14,0,0.0,2,11,1,10668111.0,85247.0,34.0,0.4688,11.0,0.4211,40.0,0.5238,45.0,0.3382,21.33,11.68,33.14,17.99,29.43,14.47,-8.1,-15.0,-0.4412
2025-11-20,22,3,0,20,11,0.5,0.3636,0.1364,56,34,0.6071,4,11,0.1818,67.75,22.47,451.87,0.381,0,23,23,9,0.4091,0,4,0,10899039.0,50048.0,19.0,0.4865,34.0,0.4688,11.0,0.4211,52.0,0.3247,25.0,7.94,28.86,16.23,30.0,13.96,-5.0,3.0,0.1579
2025-11-21,13,4,0,21,11,0.7692,0.0769,0.1538,31,18,0.5806,4,6,0.3077,100.3,7.85,463.48,0.4167,3,23,20,2,0.1538,0,4,0,6715732.0,39224.0,22.0,0.6071,19.0,0.4865,34.0,0.4688,58.0,0.3483,18.0,4.58,22.43,10.75,28.93,14.68,-10.93,-9.0,-0.4091
2025-11-22,34,5,1,22,11,0.6176,0.2941,0.0882,68,34,0.5,8,7,0.2353,27.51,4.52,331.57,0.5455,5,20,15,0,0.0,4,8,1,8625411.0,37635.0,13.0,0.5806,22.0,0.6071,19.0,0.4865,18.0,0.5,23.0,10.54,24.71,11.34,29.71,14.64,-6.71,21.0,1.6154
2025-11-23,35,6,1,23,11,0.6,0.3429,0.0571,69,34,0.4928,9,9,0.2571,28.33,4.87,329.62,0.5294,6,22,16,0,0.0,3,9,1,9501432.0,53862.0,34.0,0.5,13.0,0.5806,22.0,0.6071,40.0,0.5238,27.33,12.42,24.0,10.33,30.71,14.47,-3.38,1.0,0.0294
2025-11-24,25,0,0,24,11,0.64,0.36,0.0,37,12,0.3243,11,7,0.44,50.08,1.59,533.35,0.6667,0,20,20,2,0.08,2,11,1,7381035.0,59592.0,35.0,0.4928,34.0,0.5,13.0,0.5806,11.0,0.4211,31.33,5.51,26.0,8.6,31.07,14.25,0.26,-10.0,-0.2857
2025-11-25,68,1,0,25,11,0.5294,0.4412,0.0294,104,36,0.3462,15,12,0.2206,18.34,2.1,276.6,0.6866,1,21,20,8,0.1176,5,15,1,7209016.0,45658.0,25.0,0.3243,35.0,0.4928,34.0,0.5,34.0,0.4688,42.67,22.5,30.86,18.16,33.86,17.3,8.81,43.0,1.72
2025-11-26,39,2,0,26,11,0.5641,0.4103,0.0256,59,20,0.339,8,10,0.2051,31.07,3.73,370.17,0.5526,4,23,19,7,0.1795,4,8,1,9650836.0,71211.0,68.0,0.3462,25.0,0.3243,35.0,0.4928,19.0,0.4865,44.0,21.93,33.71,17.55,33.43,17.07,10.57,-29.0,-0.4265
2025-11-27,50,3,0,27,11,0.68,0.28,0.04,72,22,0.3056,10,16,0.2,24.71,4.43,313.97,0.5306,0,21,21,7,0.14,3,10,1,4784053.0,40527.0,39.0,0.339,68.0,0.3462,25.0,0.3243,22.0,0.6071,52.33,14.64,37.71,17.62,33.29,16.91,19.04,11.0,0.2821
2025-11-28,41,4,0,28,11,0.5366,0.4146,0.0488,62,21,0.3387,8,13,0.1951,33.35,4.49,313.4,0.55,1,23,22,7,0.1707,4,8,1,11285597.0,62787.0,50.0,0.3056,39.0,0.339,68.0,0.3462,13.0,0.5806,43.33,5.86,41.71,13.85,32.07,15.56,11.26,-9.0,-0.18
2025-11-29,16,5,1,29,11,0.625,0.375,0.0,32,16,0.5,6,5,0.375,58.12,2.98,533.93,0.5333,1,15,14,8,0.5,2,6,1,12719569.0,112703.0,41.0,0.3387,50.0,0.3056,39.0,0.339,34.0,0.5,35.67,17.62,39.14,16.87,31.93,15.71,3.74,-25.0,-0.6098
2025-11-30,35,6,1,30,11,0.6286,0.3143,0.0571,70,35,0.5,8,9,0.2286,40.38,3.05,465.23,0.6176,0,23,23,8,0.2286,4,8,1,8475762.0,42599.0,16.0,0.5,41.0,0.3387,50.0,0.3056,35.0,0.4928,30.67,13.05,39.14,16.87,31.57,15.56,-0.9,19.0,1.1875
2025-12-01,30,0,0,1,12,0.6,0.3333,0.0667,41,11,0.2683,12,7,0.4,36.54,2.92,607.3,0.6552,2,19,17,9,0.3,3,12,1,8211028.0,56609.0,35.0,0.5,16.0,0.5,41.0,0.3387,25.0,0.3243,27.0,9.85,39.86,16.26,32.93,14.42,-5.93,-5.0,-0.1429
2025-12-02,49,1,0,2,12,0.6122,0.3878,0.0,86,37,0.4302,12,11,0.2449,22.64,2.06,350.68,0.625,4,22,18,1,0.0204,5,12,1,8556658.0,45580.0,30.0,0.2683,35.0,0.5,16.0,0.5,68.0,0.3462,38.0,9.85,37.14,11.74,34.0,15.05,4.0,19.0,0.6333
2025-12-03,25,2,0,3,12,0.6,0.4,0.0,33,8,0.2424,11,6,0.44,33.08,1.52,388.22,0.6667,6,19,13,0,0.0,2,11,1,5319869.0,33991.0,49.0,0.4302,30.0,0.2683,35.0,0.5,39.0,0.339,34.67,12.66,35.14,12.54,34.43,14.67,0.24,-24.0,-0.4898
2025-12-04,58,3,0,4,12,0.6552,0.3276,0.0172,93,35,0.3763,22,8,0.3793,23.94,1.77,394.63,0.7719,0,23,23,2,0.0345,4,22,1,3510995.0,28538.0,25.0,0.2424,49.0,0.4302,30.0,0.2683,50.0,0.3056,44.0,17.06,36.29,14.35,37.0,15.46,7.0,33.0,1.32
2025-12-05,65,4,0,5,12,0.4769,0.4462,0.0769,113,48,0.4248,15,11,0.2308,19.15,1.33,325.4,0.7344,2,23,21,2,0.0308,5,15,1,7714972.0,51218.0,58.0,0.3763,25.0,0.2424,49.0,0.4302,41.0,0.3387,49.33,21.36,39.71,18.05,40.71,15.49,8.62,7.0,0.1207
2025-12-06,90,5,1,6,12,0.4111,0.5333,0.0556,115,25,0.2174,26,11,0.2889,15.3,2.15,295.2,0.7753,1,23,22,3,0.0333,4,26,1,7119089.0,58207.0,65.0,0.4248,58.0,0.3763,25.0,0.2424,16.0,0.5,71.0,16.82,50.29,22.87,44.71,20.15,26.29,25.0,0.3846
2025-12-07,52,6,1,7,12,0.4231,0.5,0.0769,82,30,0.3659,10,14,0.1923,26.61,4.32,287.13,0.5294,1,23,22,13,0.25,4,10,1,9627291.0,79557.0,90.0,0.2174,65.0,0.4248,58.0,0.3763,35.0,0.5,69.0,19.31,52.71,21.86,45.93,20.04,23.07,-38.0,-0.4222
2025-12-08,85,0,0,8,12,0.6,0.3529,0.0471,104,19,0.1827,24,12,0.2824,15.19,2.12,358.68,0.7143,0,22,22,19,0.2235,5,24,1,5869283.0,40211.0,52.0,0.3659,90.0,0.2174,65.0,0.4248,30.0,0.2683,75.67,20.65,60.57,22.22,50.21,21.57,25.46,33.0,0.6346
2025-12-09,55,1,0,9,12,0.3818,0.5818,0.0364,91,36,0.3956,20,11,0.3636,23.27,2.36,569.35,0.6481,0,21,21,4,0.0727,5,20,1,8833619.0,63370.0,85.0,0.1827,52.0,0.3659,90.0,0.2174,49.0,0.4302,64.0,18.25,61.43,21.81,49.29,21.02,14.71,-30.0,-0.3529
2025-12-10,58,2,0,10,12,0.6897,0.3103,0.0,117,59,0.5043,19,9,0.3276,19.62,1.52,447.08,0.6667,5,23,18,0,0.0,3,19,1,3932906.0,28570.0,55.0,0.3956,85.0,0.1827,52.0,0.3659,25.0,0.2424,66.0,16.52,66.14,15.18,50.64,20.92,15.36,3.0,0.0545
2025-12-11,43,3,0,11,12,0.6512,0.3488,0.0,86,43,0.5,9,10,0.2093,26.06,4.44,329.18,0.5476,5,23,18,0,0.0,6,9,1,7981422.0,47324.0,58.0,0.5043,55.0,0.3956,85.0,0.1827,58.0,0.3763,52.0,7.94,64.0,17.42,50.14,21.02,1.86,-15.0,-0.2586
2025-12-12,21,4,0,12,12,0.7143,0.2857,0.0,70,49,0.7,6,9,0.2857,66.27,7.85,617.42,0.35,0,22,22,5,0.2381,1,6,1,5215816.0,30599.0,43.0,0.5,58.0,0.5043,55.0,0.3956,65.0,0.4248,40.67,18.61,57.71,23.77,48.71,22.33,-8.04,-22.0,-0.5116
2025-12-13,21,5,1,13,12,0.4286,0.5238,0.0476,50,29,0.58,12,4,0.5714,26.56,3.83,432.37,0.6,2,11,9,5,0.2381,1,12,1,17052746.0,144221.0,21.0,0.7,43.0,0.5,58.0,0.5043,90.0,0.2174,28.33,12.7,47.86,22.42,49.07,21.8,-20.74,0.0,0.0
2025-12-14,28,6,1,14,12,0.6429,0.2857,0.0714,62,34,0.5484,10,7,0.3571,39.59,4.8,460.08,0.5185,5,23,18,0,0.0,2,10,1,9203364.0,35345.0,21.0,0.58,21.0,0.7,43.0,0.5,52.0,0.3659,23.33,4.04,44.43,23.49,48.57,22.22,-25.24,7.0,0.3333
2025-12-15,42,0,0,15,12,0.5238,0.4286,0.0476,76,34,0.4474,11,9,0.2619,25.74,3.47,459.08,0.561,2,20,18,2,0.0476,2,11,1,10499977.0,63129.0,28.0,0.5484,21.0,0.58,21.0,0.7,85.0,0.1827,30.33,10.69,38.29,15.32,49.43,21.67,-19.1,14.0,0.5
2025-12-16,31,1,0,16,12,0.4194,0.5806,0.0,59,28,0.4746,8,8,0.2581,36.88,4.91,452.73,0.5,3,21,18,1,0.0323,2,8,1,11444705.0,61865.0,42.0,0.4474,28.0,0.5484,21.0,0.58,55.0,0.3956,33.67,7.37,34.86,13.53,48.14,22.23,-14.47,-11.0,-0.2619
2025-12-17,63,2,0,17,12,0.6984,0.2857,0.0159,89,26,0.2921,31,7,0.4921,13.41,1.09,335.1,0.8548,5,19,14,0,0.0,4,31,1,4980573.0,34700.0,31.0,0.4746,42.0,0.4474,28.0,0.5484,58.0,0.5043,45.33,16.26,35.57,15.01,50.86,21.49,-5.53,32.0,1.0323
2025-12-18,26,3,0,18,12,0.4615,0.5,0.0385,46,20,0.4348,9,11,0.3462,49.91,9.65,406.12,0.32,1,22,21,4,0.1538,1,9,1,6302029.0,30667.0,63.0,0.2921,31.0,0.4746,42.0,0.4474,43.0,0.5,40.0,20.07,33.14,14.98,48.57,22.36,-8.57,-37.0,-0.5873
2025-12-19,80,4,0,19,12,0.3875,0.5875,0.025,143,63,0.4406,19,11,0.2375,14.5,2.1,405.53,0.6962,2,22,20,15,0.1875,5,19,1,8544304.0,56416.0,26.0,0.4348,63.0,0.2921,31.0,0.4746,21.0,0.7,56.33,27.61,41.57,21.98,49.64,23.54,6.69,54.0,2.0769
2025-12-20,10,5,1,20,12,0.6,0.4,0.0,15,5,0.3333,4,4,0.4,83.21,18.42,416.7,0.2222,11,23,12,0,0.0,0,4,0,5780620.0,29381.0,80.0,0.4406,26.0,0.4348,63.0,0.2921,21.0,0.58,38.67,36.68,40.0,23.99,43.93,22.68,-5.26,-70.0,-0.875
2025-12-21,87,6,1,21,12,0.4483,0.5287,0.023,126,39,0.3095,19,12,0.2184,15.39,2.33,246.07,0.6628,0,22,22,38,0.4368,4,19,1,8034269.0,48742.0,10.0,0.3333,80.0,0.4406,26.0,0.4348,28.0,0.5484,59.0,42.58,48.43,28.93,46.43,25.4,12.57,77.0,7.7
2025-12-22,45,0,0,22,12,0.4667,0.4889,0.0444,61,16,0.2623,11,9,0.2444,18.22,3.62,300.47,0.6364,5,19,14,0,0.0,5,11,1,7289155.0,39348.0,87.0,0.3095,10.0,0.3333,80.0,0.4406,42.0,0.4474,47.33,38.55,48.86,28.84,43.57,22.85,3.76,-42.0,-0.4828
2025-12-23,30,1,0,23,12,0.4333,0.5,0.0667,51,21,0.4118,10,10,0.3333,39.72,2.78,459.1,0.6207,2,21,19,1,0.0333,2,10,1,6989114.0,45431.0,45.0,0.2623,87.0,0.3095,10.0,0.3333,31.0,0.4746,54.0,29.55,48.71,28.95,41.79,22.87,12.21,-15.0,-0.3333
2025-12-24,69,2,0,24,12,0.6377,0.3188,0.0435,103,34,0.3301,13,8,0.1884,13.48,2.39,472.8,0.7059,6,21,15,0,0.0,5,13,1,5354812.0,36400.0,30.0,0.4118,45.0,0.2623,87.0,0.3095,63.0,0.2921,48.0,19.67,49.57,29.52,42.57,23.64,5.43,39.0,1.3
2025-12-25,35,3,0,25,12,0.6286,0.2571,0.1143,58,23,0.3966,12,9,0.3429,40.81,2.88,681.1,0.5882,0,23,23,20,0.5714,1,12,1,5832372.0,45093.0,69.0,0.3301,30.0,0.4118,45.0,0.2623,26.0,0.4348,44.67,21.22,50.86,28.5,42.0,23.73,2.67,-34.0,-0.4928
2025-12-26,53,4,0,26,12,0.6226,0.3774,0.0,77,24,0.3117,13,9,0.2453,25.51,3.26,475.32,0.5962,0,22,22,8,0.1509,5,13,1,7371911.0,38659.0,35.0,0.3966,69.0,0.3301,30.0,0.4118,80.0,0.4406,52.33,17.01,47.0,25.58,44.29,23.08,8.04,18.0,0.5143
2025-12-27,50,5,1,27,12,0.56,0.38,0.06,75,25,0.3333,9,13,0.18,22.72,4.03,267.18,0.5102,1,20,19,15,0.3,3,9,1,7185778.0,50691.0,53.0,0.3117,35.0,0.3966,69.0,0.3301,10.0,0.3333,46.0,9.64,52.71,19.74,46.36,22.11,-0.36,-3.0,-0.0566
2025-12-28,54,6,1,28,12,0.4444,0.5185,0.037,86,32,0.3721,13,11,0.2407,25.22,2.38,347.53,0.6038,0,22,22,7,0.1296,6,13,1,8219625.0,67427.0,50.0,0.3333,53.0,0.3117,35.0,0.3966,87.0,0.3095,52.33,2.08,48.0,12.96,48.21,21.54,4.12,4.0,0.08
2025-12-29,90,0,0,29,12,0.5,0.4889,0.0111,124,34,0.2742,20,14,0.2222,13.58,1.8,328.37,0.764,1,21,20,7,0.0778,5,20,1,5171020.0,49663.0,54.0,0.3721,50.0,0.3333,53.0,0.3117,45.0,0.2623,64.67,22.03,54.43,20.3,51.64,24.14,13.03,36.0,0.6667
2025-12-30,102,1,0,30,12,0.5098,0.4314,0.0588,129,27,0.2093,26,12,0.2549,12.92,1.52,514.6,0.7822,2,23,21,2,0.0196,6,26,1,5549642.0,44447.0,90.0,0.2742,54.0,0.3721,50.0,0.3333,30.0,0.4118,82.0,24.98,64.71,23.8,56.71,26.78,25.29,12.0,0.1333
2025-12-31,88,2,0,31,12,0.625,0.3636,0.0114,111,23,0.2072,19,11,0.2159,16.48,1.98,420.78,0.7931,0,23,23,5,0.0568,5,19,1,4944351.0,45607.0,102.0,0.2093,90.0,0.2742,54.0,0.3721,69.0,0.3301,93.33,7.57,67.43,25.4,58.5,28.04,34.83,-14.0,-0.1373
2026-01-01,52,3,0,1,1,0.4423,0.5192,0.0385,87,35,0.4023,11,9,0.2115,26.69,1.57,628.03,0.7843,0,23,23,14,0.2692,6,11,1,11642564.0,105538.0,88.0,0.2072,102.0,0.2093,90.0,0.2742,35.0,0.3966,80.67,25.79,69.86,22.42,60.36,26.54,20.31,-36.0,-0.4091
2026-01-02,64,4,0,2,1,0.4531,0.5469,0.0,76,12,0.1579,23,6,0.3594,13.89,0.78,448.03,0.8571,5,19,14,0,0.0,3,23,1,8622790.0,68738.0,52.0,0.4023,88.0,0.2072,102.0,0.2093,53.0,0.3117,68.0,18.33,71.43,21.41,59.21,25.97,8.79,12.0,0.2308
2026-01-03,92,5,1,3,1,0.6196,0.3587,0.0217,140,48,0.3429,16,14,0.1739,15.23,2.88,472.67,0.5934,0,23,23,25,0.2717,4,16,1,8080603.0,83865.0,64.0,0.1579,52.0,0.4023,88.0,0.2072,50.0,0.3333,69.33,20.53,77.43,20.26,65.07,23.1,4.26,28.0,0.4375
2026-01-04,82,6,1,4,1,0.561,0.3537,0.0854,104,22,0.2115,12,12,0.1463,15.1,2.85,302.82,0.716,0,20,20,4,0.0488,6,12,1,7283272.0,62921.0,92.0,0.3429,64.0,0.1579,52.0,0.4023,54.0,0.3721,79.33,14.19,81.43,17.42,64.71,22.77,14.62,-10.0,-0.1087
2026-01-05,56,0,0,5,1,0.5179,0.4643,0.0179,78,22,0.2821,19,9,0.3393,16.15,3.02,354.85,0.6182,8,23,15,0,0.0,5,19,1,8705009.0,77682.0,82.0,0.2115,92.0,0.3429,64.0,0.1579,90.0,0.2742,76.67,18.58,76.57,19.28,65.5,22.22,11.17,-26.0,-0.3171
2026-01-06,73,1,0,6,1,0.6027,0.3562,0.0411,108,35,0.3241,14,12,0.1918,19.18,3.91,384.23,0.5694,0,23,23,9,0.1233,5,14,1,6945967.0,42783.0,56.0,0.2821,82.0,0.2115,92.0,0.3429,102.0,0.2093,70.33,13.2,72.43,15.68,68.57,19.77,1.76,17.0,0.3036
2026-01-07,83,2,0,7,1,0.6386,0.3373,0.0241,111,28,0.2523,25,11,0.3012,13.39,2.08,313.9,0.7683,1,19,18,2,0.0241,4,25,1,4096309.0,29695.0,73.0,0.3241,56.0,0.2821,82.0,0.2115,88.0,0.2072,70.67,13.65,71.71,14.95,69.57,20.15,1.1,10.0,0.137
2026-01-08,110,3,0,8,1,0.6091,0.3727,0.0182,148,38,0.2568,21,14,0.1909,10.44,3.0,335.98,0.6606,3,22,19,1,0.0091,6,21,1,5109435.0,39852.0,83.0,0.2523,73.0,0.3241,56.0,0.2821,52.0,0.4023,88.67,19.14,80.0,17.97,74.93,20.22,13.74,27.0,0.3253
2026-01-09,74,4,0,9,1,0.7162,0.2703,0.0135,79,5,0.0633,48,6,0.6486,13.0,0.9,440.4,0.9315,8,23,15,0,0.0,3,48,1,4407370.0,25616.0,110.0,0.2568,83.0,0.2523,73.0,0.3241,64.0,0.1579,89.0,18.73,81.43,16.85,76.43,19.22,12.57,-36.0,-0.3273
2026-01-10,109,5,1,10,1,0.6422,0.3394,0.0183,131,22,0.1679,21,11,0.1927,13.16,1.77,379.07,0.787,0,23,23,24,0.2202,6,21,1,5863104.0,38727.0,74.0,0.0633,110.0,0.2568,83.0,0.2523,92.0,0.3429,97.67,20.5,83.86,19.63,80.64,19.45,17.03,35.0,0.473
2026-01-11,83,6,1,11,1,0.3855,0.5663,0.0482,103,20,0.1942,12,14,0.1446,16.15,2.21,261.6,0.6707,1,23,22,6,0.0723,7,12,1,8296684.0,55680.0,109.0,0.1679,74.0,0.0633,110.0,0.2568,82.0,0.2115,88.67,18.18,84.0,19.61,82.71,17.87,5.96,-26.0,-0.2385
2026-01-12,36,0,0,12,1,0.4722,0.4722,0.0556,83,47,0.5663,8,14,0.2222,34.55,6.03,257.08,0.4571,0,20,20,6,0.1667,3,8,1,10765474.0,57637.0,83.0,0.1942,109.0,0.1679,74.0,0.0633,56.0,0.2821,76.0,37.0,81.14,25.07,78.86,21.62,-2.86,-47.0,-0.5663
2026-01-13,42,1,0,13,1,0.7381,0.2619,0.0,56,14,0.25,11,9,0.2619,34.1,3.27,273.55,0.6098,0,23,23,1,0.0238,5,11,1,3497731.0,39190.0,36.0,0.5663,83.0,0.1942,109.0,0.1679,73.0,0.3241,53.67,25.58,76.71,29.15,74.57,22.6,-20.9,6.0,0.1667
2026-01-14,98,2,0,14,1,0.602,0.3776,0.0204,111,13,0.1171,24,11,0.2449,10.59,1.52,314.65,0.7732,5,22,17,0,0.0,4,24,1,8027156.0,39683.0,42.0,0.25,36.0,0.5663,83.0,0.1942,83.0,0.2523,58.67,34.2,78.86,30.22,75.29,23.21,-16.62,56.0,1.3333
2026-01-15,79,3,0,15,1,0.6582,0.3165,0.0253,126,47,0.373,20,14,0.2532,17.12,1.69,381.97,0.7436,0,22,22,4,0.0506,4,20,1,5680578.0,29465.0,98.0,0.1171,42.0,0.25,36.0,0.5663,110.0,0.2568,73.0,28.48,74.43,27.0,77.21,22.22,-4.21,-19.0,-0.1939
2026-01-16,120,4,0,16,1,0.6333,0.3333,0.0333,140,20,0.1429,29,13,0.2417,11.24,1.2,385.28,0.8151,0,22,22,10,0.0833,3,29,1,4656352.0,29773.0,79.0,0.373,98.0,0.1171,42.0,0.25,74.0,0.0633,99.0,20.52,81.0,32.01,81.21,24.58,17.79,41.0,0.519
2026-01-17,65,5,1,17,1,0.4,0.5538,0.0462,81,16,0.1975,18,7,0.2769,18.12,1.52,320.6,0.7656,0,19,19,13,0.2,5,18,1,8281164.0,55495.0,120.0,0.1429,79.0,0.373,98.0,0.1171,109.0,0.1679,88.0,28.58,74.71,29.84,79.29,24.72,8.71,-55.0,-0.4583
2026-01-18,67,6,1,18,1,0.5373,0.403,0.0597,93,26,0.2796,20,10,0.2985,21.5,2.17,503.88,0.7121,0,23,23,25,0.3731,4,20,1,8085548.0,44777.0,65.0,0.1975,120.0,0.1429,79.0,0.373,83.0,0.1942,84.0,31.19,72.43,29.71,78.21,24.92,5.79,2.0,0.0308
2026-01-19,48,0,0,19,1,0.4375,0.5,0.0625,90,42,0.4667,16,12,0.3333,29.21,4.72,520.13,0.5106,0,23,23,5,0.1042,3,16,1,10392422.0,48888.0,67.0,0.2796,65.0,0.1975,120.0,0.1429,36.0,0.5663,60.0,10.44,74.14,27.53,77.64,25.55,-17.64,-19.0,-0.2836
2026-01-20,56,1,0,20,1,0.4643,0.4821,0.0536,112,56,0.5,13,13,0.2321,25.44,4.83,355.37,0.5273,0,23,23,6,0.1071,3,13,1,11613594.0,70089.0,48.0,0.4667,67.0,0.2796,65.0,0.1975,42.0,0.25,57.0,9.54,76.14,25.22,76.43,26.19,-19.43,8.0,0.1667
2026-01-21,23,2,0,21,1,0.7391,0.1739,0.087,37,14,0.3784,6,10,0.2609,46.65,10.03,360.33,0.3636,6,23,17,0,0.0,1,6,1,6525637.0,24050.0,56.0,0.5,48.0,0.4667,67.0,0.2796,98.0,0.1171,42.33,17.21,65.43,29.88,72.14,29.7,-29.81,-33.0,-0.5893
2026-01-22,96,3,0,22,1,0.6458,0.2917,0.0625,135,39,0.2889,20,12,0.2083,10.77,2.62,257.55,0.6947,3,20,17,7,0.0729,5,20,1,4947565.0,25632.0,23.0,0.3784,56.0,0.5,48.0,0.4667,79.0,0.373,58.33,36.56,67.86,31.8,71.14,28.54,-12.81,73.0,3.1739
2026-01-23,81,4,0,23,1,0.4815,0.4691,0.0494,125,44,0.352,15,12,0.1852,16.89,2.84,501.95,0.625,0,22,22,48,0.5926,6,15,1,7255798.0,40083.0,96.0,0.2889,23.0,0.3784,56.0,0.5,120.0,0.1429,66.67,38.55,62.29,23.46,71.64,28.66,-4.97,-15.0,-0.1562
2026-01-24,43,5,1,24,1,0.6047,0.3721,0.0233,72,29,0.4028,7,11,0.1628,33.11,4.65,345.42,0.5,0,23,23,8,0.186,4,7,1,8506763.0,37563.0,81.0,0.352,96.0,0.2889,23.0,0.3784,65.0,0.1975,73.33,27.32,59.14,24.49,66.93,27.44,6.4,-38.0,-0.4691
2026-01-25,60,6,1,25,1,0.7167,0.2333,0.05,110,50,0.4545,13,15,0.2167,23.53,3.8,284.83,0.5254,0,23,23,11,0.1833,3,13,1,6467758.0,35459.0,43.0,0.4028,81.0,0.352,96.0,0.2889,67.0,0.2796,61.33,19.04,58.14,24.26,65.29,27.09,-3.96,17.0,0.3953
2026-01-26,50,0,0,26,1,0.76,0.16,0.08,72,22,0.3056,15,12,0.3,26.8,3.25,406.45,0.5714,0,22,22,9,0.18,4,15,1,9581860.0,41358.0,60.0,0.4545,43.0,0.4028,81.0,0.352,48.0,0.4667,51.0,8.54,58.43,24.13,66.29,26.17,-15.29,-10.0,-0.1667
2026-01-27,37,1,0,27,1,0.4865,0.5135,0.0,59,22,0.3729,11,11,0.2973,36.55,4.08,382.98,0.5278,1,23,22,1,0.027,3,11,1,10886455.0,63650.0,50.0,0.3056,60.0,0.4545,43.0,0.4028,56.0,0.5,49.0,11.53,55.71,25.48,65.93,26.56,-16.93,-13.0,-0.26
2026-01-28,40,2,0,28,1,0.6,0.325,0.075,56,16,0.2857,13,13,0.325,32.25,2.83,482.17,0.5385,0,21,21,16,0.4,3,13,1,7956118.0,31878.0,37.0,0.3729,50.0,0.3056,60.0,0.4545,23.0,0.3784,42.33,6.81,58.14,22.48,61.79,25.68,-19.46,3.0,0.0811
2026-01-29,96,3,0,29,1,0.6354,0.3333,0.0312,165,69,0.4182,26,15,0.2708,12.74,2.58,298.97,0.7263,0,20,20,12,0.125,3,26,1,6409096.0,29905.0,40.0,0.2857,37.0,0.3729,50.0,0.3056,96.0,0.2889,57.67,33.23,58.14,22.48,63.0,26.93,-5.33,56.0,1.4
2026-01-30,56,4,0,30,1,0.5536,0.4107,0.0357,100,44,0.44,10,15,0.1786,24.79,5.72,340.7,0.4909,0,23,23,9,0.1607,5,10,1,7738569.0,39011.0,96.0,0.4182,40.0,0.2857,37.0,0.3729,81.0,0.352,64.0,28.84,54.57,20.1,58.43,21.37,5.57,-40.0,-0.4167
2026-01-31,44,5,1,31,1,0.4318,0.5682,0.0,97,53,0.5464,10,11,0.2273,26.5,4.08,398.97,0.5349,2,21,19,2,0.0455,4,10,1,10055259.0,51669.0,56.0,0.44,96.0,0.4182,40.0,0.2857,43.0,0.4028,65.33,27.23,54.71,20.01,56.93,21.61,8.4,-12.0,-0.2143
2026-02-01,42,6,1,1,2,0.5952,0.3333,0.0714,105,63,0.6,11,9,0.2619,28.69,6.5,476.07,0.4634,2,22,20,2,0.0476,4,11,1,13850728.0,55410.0,44.0,0.5464,56.0,0.44,96.0,0.4182,60.0,0.4545,47.33,7.57,52.14,20.37,55.14,21.74,-7.81,-2.0,-0.0455
2026-02-02,33,0,0,2,2,0.6364,0.3636,0.0,80,47,0.5875,12,9,0.3636,31.91,3.29,501.08,0.6562,3,20,17,4,0.1212,2,12,1,8445015.0,47833.0,42.0,0.6,44.0,0.5464,56.0,0.44,50.0,0.3056,39.67,5.86,49.71,21.64,54.07,22.48,-14.4,-9.0,-0.2143
2026-02-03,58,1,0,3,2,0.5345,0.4138,0.0517,98,40,0.4082,11,12,0.1897,21.5,4.82,542.92,0.5088,0,20,20,12,0.2069,6,11,1,9829002.0,51370.0,33.0,0.5875,42.0,0.6,44.0,0.5464,37.0,0.3729,44.33,12.66,52.71,21.03,54.21,22.5,-9.88,25.0,0.7576
2026-02-04,41,2,0,4,2,0.5366,0.4634,0.0,91,50,0.5495,12,13,0.2927,32.6,4.62,396.22,0.5,2,23,21,4,0.0976,2,12,1,10532494.0,60084.0,58.0,0.4082,33.0,0.5875,42.0,0.6,40.0,0.2857,44.0,12.77,52.86,20.93,55.5,21.04,-11.5,-17.0,-0.2931
2026-02-05,22,3,0,5,2,0.7727,0.1818,0.0455,33,11,0.3333,6,8,0.2727,61.66,8.83,644.85,0.3333,0,22,22,14,0.6364,2,6,1,9937002.0,37845.0,41.0,0.5495,58.0,0.4082,33.0,0.5875,96.0,0.4182,40.33,18.01,42.29,12.5,50.21,19.31,-9.88,-19.0,-0.4634
2026-02-06,28,4,0,6,2,0.6429,0.3214,0.0357,49,21,0.4286,9,8,0.3214,44.15,3.18,415.27,0.5926,0,20,20,3,0.1071,3,9,1,9552496.0,35411.0,22.0,0.3333,41.0,0.5495,58.0,0.4082,56.0,0.44,30.33,9.71,38.29,11.84,46.43,17.96,-16.1,6.0,0.2727
2026-02-07,17,5,1,7,2,0.7647,0.2353,0.0,44,27,0.6136,5,8,0.2941,73.46,18.96,561.43,0.375,4,23,19,3,0.1765,1,5,1,5250205.0,15464.0,28.0,0.4286,22.0,0.3333,41.0,0.5495,44.0,0.5464,22.33,5.51,34.43,13.89,44.57,19.61,-22.24,-11.0,-0.3929
2026-02-08,61,6,1,8,2,0.5738,0.3443,0.082,122,61,0.5,11,11,0.1803,23.31,3.31,473.85,0.65,0,23,23,2,0.0328,6,11,1,8815537.0,51396.0,17.0,0.6136,28.0,0.4286,22.0,0.3333,42.0,0.6,35.33,22.9,37.14,17.1,44.64,19.67,-9.31,44.0,2.5882
2026-02-09,76,0,0,9,2,0.5526,0.3947,0.0526,134,58,0.4328,24,13,0.3158,15.77,1.9,341.28,0.6667,1,21,20,5,0.0658,2,24,1,7407953.0,45102.0,61.0,0.5,17.0,0.6136,28.0,0.4286,33.0,0.5875,51.33,30.66,43.29,22.3,46.5,21.37,4.83,15.0,0.2459
2026-02-10,36,1,0,10,2,0.6111,0.3611,0.0278,54,18,0.3333,15,7,0.4167,16.22,2.25,146.68,0.6571,13,23,10,0,0.0,3,15,1,9130272.0,58829.0,76.0,0.4328,61.0,0.5,17.0,0.6136,58.0,0.4082,57.67,20.21,40.14,21.41,46.43,21.41,11.24,-40.0,-0.5263
2026-02-11,45,2,0,11,2,0.7556,0.2444,0.0,73,28,0.3836,17,10,0.3778,24.89,2.26,329.28,0.6818,3,21,18,2,0.0444,4,17,1,6106368.0,28978.0,36.0,0.3333,76.0,0.4328,61.0,0.5,41.0,0.5495,52.33,20.98,40.71,21.49,46.79,21.33,5.54,9.0,0.25
2026-02-12,39,3,0,12,2,0.6923,0.2308,0.0769,80,41,0.5125,11,9,0.2821,31.78,3.62,534.73,0.6053,0,20,20,11,0.2821,3,11,1,9050671.0,30908.0,45.0,0.3836,36.0,0.3333,76.0,0.4328,22.0,0.3333,40.0,4.58,43.14,19.93,42.71,15.99,-2.71,-6.0,-0.1333
2026-02-13,17,4,0,13,2,0.6471,0.3529,0.0,45,28,0.6222,4,8,0.2353,79.66,15.58,534.25,0.3125,2,23,21,1,0.0588,0,4,0,16419642.0,43300.0,39.0,0.5125,45.0,0.3836,36.0,0.3333,28.0,0.4286,33.67,14.74,41.57,21.68,39.93,16.87,-6.26,-22.0,-0.5641
2026-02-14,30,5,1,14,2,0.5,0.4,0.1,94,64,0.6809,9,9,0.3,48.79,3.0,454.95,0.5517,0,23,23,1,0.0333,3,9,1,17054582.0,112379.0,17.0,0.6222,39.0,0.5125,45.0,0.3836,17.0,0.6136,28.67,11.06,43.43,19.69,38.93,17.02,-10.26,13.0,0.7647
2026-02-15,43,6,1,15,2,0.6512,0.3256,0.0233,110,67,0.6091,7,12,0.1628,31.91,5.48,334.67,0.5,1,23,22,6,0.1395,3,7,1,9176263.0,38045.0,30.0,0.6809,17.0,0.6222,39.0,0.5125,61.0,0.5,30.0,13.0,40.86,18.12,39.0,17.04,-9.0,13.0,0.4333
2026-02-16,30,0,0,16,2,0.5667,0.4333,0.0,82,52,0.6341,5,11,0.1667,30.47,12.5,311.17,0.3448,7,21,14,0,0.0,1,5,1,14614088.0,53528.0,43.0,0.6091,30.0,0.6809,17.0,0.6222,76.0,0.4328,34.33,7.51,34.29,9.59,38.79,17.14,-4.46,-13.0,-0.3023
2026-02-17,75,1,0,17,2,0.6,0.3467,0.0533,136,61,0.4485,13,13,0.1733,18.62,3.14,312.72,0.5946,0,23,23,5,0.0667,5,13,1,8431603.0,46354.0,30.0,0.6341,43.0,0.6091,30.0,0.6809,36.0,0.3333,49.33,23.16,39.86,18.21,40.0,19.09,9.33,45.0,1.5
2026-02-18,27,2,0,18,2,0.6667,0.2963,0.037,50,23,0.46,7,9,0.2593,40.0,6.61,364.13,0.3846,2,19,17,1,0.037,2,7,1,5323334.0,21375.0,75.0,0.4485,30.0,0.6341,43.0,0.6091,45.0,0.3836,44.0,26.89,37.29,18.63,39.0,19.4,5.0,-48.0,-0.64
2026-02-19,41,3,0,19,2,0.5366,0.4146,0.0488,85,44,0.5176,10,11,0.2439,24.83,3.7,404.42,0.575,2,19,17,4,0.0976,4,10,1,9634799.0,37925.0,27.0,0.46,75.0,0.4485,30.0,0.6341,39.0,0.5125,47.67,24.68,37.57,18.67,40.36,18.78,7.31,14.0,0.5185
2026-02-20,77,4,0,20,2,0.6753,0.2987,0.026,114,37,0.3246,16,12,0.2078,12.88,2.08,212.78,0.6974,5,22,17,0,0.0,5,16,1,8764461.0,42593.0,41.0,0.5176,27.0,0.46,75.0,0.4485,17.0,0.6222,48.33,25.79,46.14,21.25,43.86,20.76,4.47,36.0,0.878
2026-02-21,54,5,1,21,2,0.5185,0.4444,0.037,94,40,0.4255,9,11,0.1667,21.05,3.58,329.47,0.5283,5,23,18,0,0.0,5,9,1,9767906.0,48802.0,77.0,0.3246,41.0,0.5176,27.0,0.46,30.0,0.6809,57.33,18.23,49.57,20.12,46.5,19.39,10.83,-23.0,-0.2987
2026-02-22,30,6,1,22,2,0.4667,0.4333,0.1,78,48,0.6154,12,9,0.4,36.44,4.63,284.9,0.5517,1,19,18,2,0.0667,2,12,1,12768172.0,69758.0,54.0,0.4255,77.0,0.3246,41.0,0.5176,43.0,0.6091,53.67,23.5,47.71,21.38,44.29,19.37,9.38,-24.0,-0.4444
2026-02-23,40,0,0,23,2,0.6,0.375,0.025,80,40,0.5,10,13,0.25,34.46,6.72,475.03,0.4359,1,23,22,5,0.125,3,10,1,15685775.0,66856.0,30.0,0.6154,54.0,0.4255,77.0,0.3246,30.0,0.6341,41.33,12.06,49.14,20.31,41.71,17.09,-0.38,10.0,0.3333
2026-02-24,41,1,0,24,2,0.6098,0.3659,0.0244,71,30,0.4225,9,8,0.2195,29.47,4.95,529.57,0.5,0,19,19,17,0.4146,6,9,1,11513662.0,59570.0,40.0,0.5,30.0,0.6154,54.0,0.4255,75.0,0.4485,37.0,6.08,44.29,16.87,42.07,17.02,-5.07,1.0,0.025
2026-02-25,40,2,0,25,2,0.5,0.45,0.05,68,28,0.4118,14,10,0.35,30.42,2.73,412.72,0.5897,2,22,20,1,0.025,3,14,1,13404442.0,58395.0,41.0,0.4225,40.0,0.5,30.0,0.6154,27.0,0.46,40.33,0.58,46.14,15.29,41.71,17.0,-1.38,-1.0,-0.0244
2026-02-26,51,3,0,26,2,0.5686,0.4314,0.0,71,20,0.2817,10,9,0.1961,26.5,3.13,390.77,0.6,0,22,22,18,0.3529,6,10,1,12557186.0,56389.0,40.0,0.4118,41.0,0.4225,40.0,0.5,41.0,0.5176,44.0,6.08,47.57,15.2,42.57,17.16,1.43,11.0,0.275
2026-02-27,28,4,0,27,2,0.7143,0.2857,0.0,45,17,0.3778,11,8,0.3929,46.8,4.03,401.65,0.5185,1,22,21,1,0.0357,2,11,1,10290222.0,46429.0,51.0,0.2817,40.0,0.4118,41.0,0.4225,77.0,0.3246,39.67,11.5,40.57,9.66,43.36,16.12,-3.69,-23.0,-0.451
2026-02-28,12,5,1,28,2,0.5,0.4167,0.0833,22,10,0.4545,2,8,0.1667,123.73,49.47,634.72,0.1818,0,23,23,2,0.1667,0,2,0,25997596.0,63985.0,28.0,0.3778,51.0,0.2817,40.0,0.4118,54.0,0.4255,30.33,19.6,34.57,12.54,42.07,17.89,-11.74,-16.0,-0.5714
2026-03-01,32,6,1,1,3,0.4375,0.5,0.0625,60,28,0.4667,8,13,0.25,43.13,10.85,298.07,0.3871,0,22,22,8,0.25,1,8,1,31482729.0,98788.0,12.0,0.4545,28.0,0.3778,51.0,0.2817,30.0,0.6154,24.0,10.58,34.86,12.44,41.29,18.08,-17.29,20.0,1.6667
2026-03-02,26,0,0,2,3,0.4615,0.3846,0.1538,66,40,0.6061,6,11,0.2308,43.99,15.22,331.72,0.16,0,19,19,3,0.1154,2,6,1,21636527.0,95666.0,32.0,0.4667,12.0,0.4545,28.0,0.3778,40.0,0.5,23.33,10.26,32.86,12.6,41.0,18.31,-17.67,-6.0,-0.1875
2026-03-03,14,1,0,3,3,0.6429,0.3571,0.0,36,22,0.6111,9,5,0.6429,69.86,8.83,575.42,0.3077,4,19,15,1,0.0714,1,9,1,22477237.0,62599.0,26.0,0.6061,32.0,0.4667,12.0,0.4545,41.0,0.4225,24.0,9.17,29.0,13.77,36.64,16.79,-12.64,-12.0,-0.4615
2026-03-04,32,2,0,4,3,0.6562,0.2812,0.0625,45,13,0.2889,7,9,0.2188,27.62,5.28,207.63,0.4839,8,22,14,0,0.0,2,7,1,10187099.0,29027.0,14.0,0.6111,26.0,0.6061,32.0,0.4667,40.0,0.4118,24.0,9.17,27.86,13.02,37.0,16.62,-13.0,18.0,1.2857
2026-03-05,57,3,0,5,3,0.6667,0.2632,0.0702,97,40,0.4124,12,13,0.2105,23.72,2.93,339.58,0.6071,0,22,22,10,0.1754,5,12,1,8189466.0,24421.0,32.0,0.2889,14.0,0.6111,26.0,0.6061,51.0,0.2817,34.33,21.59,28.71,14.86,38.14,17.44,-3.81,25.0,0.7812
2026-03-06,35,4,0,6,3,0.5143,0.4571,0.0286,55,20,0.3636,11,10,0.3143,32.83,6.58,305.12,0.3824,5,23,18,0,0.0,2,11,1,12899686.0,47599.0,57.0,0.4124,32.0,0.2889,14.0,0.6111,28.0,0.3778,41.33,13.65,29.71,15.04,35.14,13.39,6.19,-22.0,-0.386
2026-03-07,59,5,1,7,3,0.6102,0.322,0.0678,78,19,0.2436,18,11,0.3051,19.85,2.23,422.72,0.7414,1,21,20,3,0.0508,4,18,1,8837790.0,30947.0,35.0,0.3636,57.0,0.4124,32.0,0.2889,12.0,0.4545,50.33,13.32,36.43,16.26,35.5,13.98,14.83,24.0,0.6857
2026-03-08,59,6,1,8,3,0.5085,0.4407,0.0508,96,37,0.3854,23,13,0.3898,24.14,2.56,504.9,0.6897,0,23,23,11,0.1864,4,23,1,13350484.0,51794.0,59.0,0.2436,35.0,0.3636,57.0,0.4124,32.0,0.4667,51.0,13.86,40.29,18.13,37.57,15.2,13.43,0.0,0.0
2026-03-09,52,0,0,9,3,0.4038,0.4808,0.1154,101,49,0.4851,11,10,0.2115,28.21,4.9,513.28,0.549,0,23,23,30,0.5769,4,11,1,15135289.0,56100.0,59.0,0.3854,59.0,0.2436,35.0,0.3636,26.0,0.6061,56.67,4.04,44.0,17.36,38.43,15.68,18.24,-7.0,-0.1186
2026-03-10,81,1,0,10,3,0.5309,0.4568,0.0123,108,27,0.25,23,12,0.284,14.03,1.57,312.85,0.7625,3,22,19,5,0.0617,4,23,1,11134830.0,52643.0,52.0,0.4851,59.0,0.3854,59.0,0.2436,14.0,0.6111,64.0,15.13,53.57,16.51,41.29,19.39,22.71,29.0,0.5577
2026-03-11,16,2,0,11,3,0.625,0.25,0.125,31,15,0.4839,7,6,0.4375,49.65,2.57,432.67,0.6,5,18,13,0,0.0,1,7,1,19134594.0,48929.0,81.0,0.25,52.0,0.4851,59.0,0.3854,32.0,0.2889,49.67,32.56,51.29,20.6,39.57,20.54,10.1,-65.0,-0.8025
2026-03-12,55,3,0,12,3,0.6909,0.2909,0.0182,89,34,0.382,16,11,0.2909,18.77,3.3,241.27,0.6111,4,21,17,2,0.0364,3,16,1,9163348.0,27400.0,16.0,0.4839,81.0,0.25,52.0,0.4851,57.0,0.4124,50.67,32.72,51.0,20.52,39.86,20.74,10.81,39.0,2.4375
2026-03-13,63,4,0,13,3,0.6032,0.381,0.0159,104,41,0.3942,17,12,0.2698,20.04,2.23,319.57,0.6613,2,23,21,1,0.0159,4,17,1,11392333.0,39501.0,55.0,0.382,16.0,0.4839,81.0,0.25,35.0,0.3636,44.67,25.15,55.0,19.59,42.36,21.3,2.31,8.0,0.1455
2026-03-14,37,5,1,14,3,0.7568,0.2162,0.027,63,26,0.4127,14,7,0.3784,27.28,1.93,365.52,0.6667,3,20,17,8,0.2162,3,14,1,9464318.0,23204.0,63.0,0.3942,55.0,0.382,16.0,0.4839,59.0,0.2436,51.67,13.32,51.86,20.58,44.14,19.53,7.53,-26.0,-0.4127
2026-03-15,29,6,1,15,3,0.5517,0.4138,0.0345,51,22,0.4314,9,8,0.3103,44.58,4.29,380.7,0.5357,2,23,21,2,0.069,2,9,1,19464928.0,82748.0,37.0,0.4127,63.0,0.3942,55.0,0.382,59.0,0.3854,43.0,17.78,47.57,21.92,43.93,19.69,-0.93,-8.0,-0.2162
2026-03-16,23,0,0,16,3,0.6087,0.3478,0.0435,49,26,0.5306,8,9,0.3478,56.27,3.97,313.02,0.5455,2,23,21,4,0.1739,1,8,1,17059230.0,48938.0,29.0,0.4314,37.0,0.4127,63.0,0.3942,52.0,0.4851,29.67,7.02,43.43,23.62,43.71,19.92,-14.04,-6.0,-0.2069
2026-03-17,48,1,0,17,3,0.5417,0.375,0.0833,62,14,0.2258,14,10,0.2917,19.73,3.53,261.6,0.5745,2,17,15,1,0.0208,3,14,1,13299086.0,66010.0,23.0,0.5306,29.0,0.4314,37.0,0.4127,81.0,0.25,33.33,13.05,38.71,17.33,46.14,18.0,-12.81,25.0,1.087
2026-03-18,47,2,0,18,3,0.5106,0.4468,0.0426,95,48,0.5053,16,12,0.3404,21.18,3.05,227.73,0.6087,7,23,16,0,0.0,4,16,1,13059876.0,47192.0,48.0,0.2258,23.0,0.5306,29.0,0.4314,16.0,0.4839,39.33,14.15,43.14,14.24,47.21,17.53,-7.88,-1.0,-0.0208
2026-03-19,83,3,0,19,3,0.7108,0.1687,0.1205,178,95,0.5337,17,17,0.2048,16.57,3.24,196.03,0.6341,0,23,23,10,0.1205,4,17,1,6416282.0,15255.0,47.0,0.5053,48.0,0.2258,23.0,0.5306,55.0,0.382,59.33,20.5,47.14,20.63,49.07,19.87,10.26,36.0,0.766
2026-03-20,57,4,0,20,3,0.4561,0.4211,0.1228,104,47,0.4519,9,14,0.1579,23.12,5.08,283.4,0.5,0,21,21,11,0.193,5,9,1,12906951.0,61545.0,83.0,0.5337,47.0,0.5053,48.0,0.2258,63.0,0.3942,62.33,18.58,46.29,19.97,50.64,19.54,11.69,-26.0,-0.3133
2026-03-21,64,5,1,21,3,0.6875,0.2656,0.0469,112,48,0.4286,16,15,0.25,22.53,4.25,431.3,0.5079,0,23,23,3,0.0469,4,16,1,8905299.0,29294.0,57.0,0.4519,83.0,0.5337,47.0,0.5053,37.0,0.4127,68.0,13.45,50.14,20.48,51.0,19.74,17.0,7.0,0.1228
2026-03-22,32,6,1,22,3,0.6562,0.2812,0.0625,45,13,0.2889,10,7,0.3125,26.79,2.15,568.87,0.6774,1,15,14,22,0.6875,2,10,1,6896250.0,13455.0,64.0,0.4286,57.0,0.4519,83.0,0.5337,29.0,0.4314,51.0,16.82,50.57,19.99,49.07,20.22,1.93,-32.0,-0.5
